"","gene","posterior","GLA.pvalue","FDR"
"1","NFYA",0.0843541721056891,0.035074551,0.0200163614633832
"2","ICA1",0.616206776871418,0.061679432,0.215979013592224
"3","CREBBP",0.0119875781295403,0.058661152,0.00529226988909783
"4","ARHGAP44",0.218659976464611,0.010189951,0.0547616994896358
"5","ADAM22",0.955269452010112,0.088759702,0.549644771854254
"6","AASS",0.687989834168438,0.073588644,0.240601919768183
"7","GABRA1",0.622641692617656,0.062640931,0.221872675607085
"8","EHD2",0.863653616897282,0.04475337,0.414093983805482
"9","ARNTL2",0.278139604111083,0.025509089,0.0715552641309609
"10","GRN",0.93327297506308,0.070757761,0.513235501270489
"11","TRIO",0.00841957365942336,0.000442708,0.00271658283771759
"12","LAMC3",0.865457576626325,0.0451731,0.41839268468949
"13","GINM1",0.824802529497618,0.037264093,0.357503789553772
"14","KMT2C",4.19495962727945e-05,2.86e-05,1.9525172447928e-05
"15","RIMBP2",0.320887497992282,0.02920241,0.0861785834175039
"16","POLD1",0.108009668017773,0.011178002,0.029099819119349
"17","SPEN",0.0222946703357262,0.026398591,0.00840052500339553
"18","SNAP91",0.938245330354812,0.074036969,0.525840297552684
"19","DHX29",0.0542356728182452,0.006222937,0.0135916271469623
"20","SYT1",0.363878736734962,0.008432904,0.0965819848264319
"21","FGFR3",0.919883152514763,0.063389502,0.485951152839551
"22","SRBD1",0.854766199170794,0.074486315,0.396196983475752
"23","RORA",0.747683911964842,0.027650123,0.265748929243746
"24","CAMK2A",0.77664870124381,0.055408497,0.296831307890236
"25","TCF3",0.0294629871751264,0.003657067,0.010125998260714
"26","CYBRD1",0.240911010163852,0.005247651,0.066860165495049
"27","LNX1",0.931361045827253,0.069585376,0.509979396822484
"28","GSDMB",0.908704958611388,0.098171977,0.463700148678907
"29","SEC31B",0.832417082341344,0.03853605,0.367592398089446
"30","ACACB",0.48232485193171,0.024228962,0.11068620432677
"31","CTTNBP2",0.00653882194493949,0.000339563,0.00166879240787089
"32","RIMS1",0.00749149631447887,0.001026348,0.00219812912665343
"33","SRCAP",0.0139247003002105,0.019020629,0.00577184935638187
"34","MEF2C",0.843403077728493,0.070958946,0.382214766874043
"35","KAT6A",0.224466030389428,0.039403595,0.0588022787967738
"36","P2RX5",0.00166227012920817,0.000218035,0.000449362351614667
"37","ZNF324",0.908421141206086,0.058324653,0.459830541636015
"38","MYNN",0.892050289150353,0.089222835,0.439598548888279
"39","CPNE3",0.536845945616909,0.051072304,0.145543948600409
"40","ACHE",0.0109985976866964,0.000583129,0.00335366090302366
"41","NOP14",0.0833095197328945,0.018271548,0.017797816268821
"42","AAMDC",0.64566227181651,0.037505106,0.227926812695791
"43","CNOT3",0.0658532190949317,0.015236417,0.0154581125736755
"44","CPXM1",0.844644283655176,0.040758783,0.386933435412626
"45","RAPGEF4",0.0111966032555724,0.000593852,0.00391387107106285
"46","AGO1",0.57639791476673,0.031133068,0.178727095476684
"47","KRT31",0.930000214672411,0.068778084,0.499960214829389
"48","MYO9B",0.0112817233134643,0.001520118,0.00440506122055628
"49","EP300",0.0216633198579922,0.013175551,0.00701918673272763
"50","NELFCD",0.943610266287709,0.0780096,0.531965684691864
"51","CELF4",0.534238343239004,0.014280025,0.1385564129394
"52","MGRN1",0.328648500546446,0.015446793,0.0911269490731966
"53","CTCF",0.00483242984640253,0.001676368,0.00112767801486327
"54","NDRG4",0.185707662234952,0.033910335,0.0431199507079177
"55","ERI1",0.193806194320282,0.004157986,0.0469837005441321
"56","DOT1L",0.0148271263816867,0.019887153,0.00624844288402949
"57","PRKD2",0.708376083763587,0.044780944,0.247009785028394
"58","HNRNPUL1",0.597698247468317,0.032948836,0.19777077417175
"59","RUNDC3B",0.291288317778426,0.013596814,0.0763320696450362
"60","MPP6",0.133660188822667,0.006377145,0.0320872582537295
"61","ADAP1",0.919439532534623,0.063175041,0.482364937966202
"62","GLI3",0.770051543950013,0.054207516,0.284736098197233
"63","PPIF",0.795634516362839,0.099211091,0.325473731331571
"64","TSPAN14",0.900085206126412,0.055165952,0.443747077331865
"65","RPS6KB1",0.194205381389305,0.062473448,0.0506642425652615
"66","LGALS3BP",0.583944490712982,0.016525735,0.185159117623292
"67","VWA5A",0.680471500435331,0.072202308,0.234300681537193
"68","SIAE",0.231240562153808,0.021559947,0.0628124714329839
"69","CEP164",0.488819900314758,0.024657884,0.124621341190506
"70","TIMELESS",0.30440930237624,0.027765012,0.0811847767244235
"71","ENO2",0.810860328763606,0.062476511,0.336461074023095
"72","SASH1",0.555963480922825,0.029490911,0.165484941801065
"73","CAP2",0.614661999707198,0.018101001,0.210005464886564
"74","PTK7",0.0312763656261326,0.000648999,0.0109720129553307
"75","ERBB2IP",0.0119050916767786,0.000632149,0.00487381312407018
"76","GABRG2",0.824706940733762,0.065831801,0.352368638565378
"77","GNPDA1",0.830919699119531,0.067452512,0.362594283205017
"78","PEX5L",0.762537969798211,0.029152369,0.272200734965233
"79","RPS15",0.906105777679844,0.096640114,0.455895536376629
"80","SPTBN1",0.772535480283909,0.092530127,0.290833590473317
"81","GLS",0.600603826528816,0.059419424,0.20387430526807
"82","CCT4",0.922551204844929,0.064715074,0.489500746758294
"83","KDM3A",0.0846633643057677,0.004173305,0.0221017486518473
"84","NFE2L2",0.537522956923231,0.051154514,0.152302207364596
"85","SCP2",0.575585496723747,0.016123877,0.172207901717831
"86","HDAC1",0.936124037570385,0.072594975,0.522739507832367
"87","ASH1L",1.32227473733648e-05,2.25e-05,8.3129605354948e-06
"88","RGS4",0.845455477967064,0.07157067,0.391564971196004
"89","TMED5",0.708546926279605,0.044803411,0.25324677342368
"90","PIGZ",0.0897716666340239,0.001894404,0.0242164335887903
"91","RAB14",0.785247418332928,0.096099877,0.302787601920025
"92","PHF19",0.106458307198803,0.022059845,0.0267086115769725
"93","DNMT3A",0.00217113582606421,0.000101103,0.000664584035920859
"94","CNRIP1",0.539604999994546,0.087648591,0.158866661476968
"95","ARL1",0.891561452040951,0.088987949,0.435447615491379
"96","CAT",0.944632301749054,0.078825572,0.534977849779873
"97","RPAP2",0.485049898980511,0.02440819,0.117749670263633
"98","CIT",0.787274290104805,0.031971507,0.314300889577174
"99","MED13L",0.000143184665787999,0.000907373,5.24574106142595e-05
"100","NECAB1",0.962801383693585,0.097981516,0.566278498702674
"101","NCOA3",0.444258531738725,0.071400633,0.103399172020791
"102","PDCD2L",0.904204008064694,0.095554024,0.447858299927694
"103","NUP214",0.837152342344603,0.069159007,0.372535134344763
"104","HIVEP3",0.163185977568422,0.030656658,0.0357288893458043
"105","FBXL16",0.820581758160201,0.064796773,0.347120435207952
"106","AKAP9",0.0012209792790232,0.000434028,0.000247211055349084
"107","GNAI1",0.905855777354097,0.05731107,0.451911374949167
"108","ICE2",0.863607085547666,0.044742647,0.409729327173523
"109","KIF1A",0.840591546301199,0.070137868,0.377410721969309
"110","TAF4",0.0287494210073074,0.003578431,0.00928525961226126
"111","EIF3G",0.868029214349502,0.045785335,0.422634538742887
"112","NINJ1",0.793831653669626,0.098657578,0.319942427978262
"113","UNC79",0.806973290753636,0.061592116,0.331008209026078
"114","CCNB1",0.909046895578428,0.058577921,0.467506531131039
"115","SRPK2",0.022133145084423,0.002831904,0.00773889903518931
"116","AGAP2",0.038437936266469,0.004620098,0.0120283946211437
"117","SLC41A2",0.166610448216966,0.056131536,0.0392662287747546
"118","VEZF1",0.70897347720755,0.044859579,0.259323129474132
"119","TEX2",0.495368357080109,0.025096507,0.131362196024862
"120","SCN2A",3.40317369762477e-06,2.55e-07,3.40317369762477e-06
"121","TBR1",6.05268699395145e-05,2.55e-07,2.97755968208246e-05
"122","KIF26A",0.999991040958661,0.91774663,0.904444345236908
"123","TRAF5",0.999985031934752,0.892963644,0.900714391855905
"124","ZCCHC6",0.999916405620531,0.903136744,0.87664400063304
"125","CRTAC1",0.987412435366168,0.33641442,0.680811456838001
"126","VRK1",0.999966092760343,0.767692504,0.891601783414869
"127","MOSPD1",0.978471868076075,0.281213235,0.634879688876196
"128","PUS3",0.949716738646491,0.133975694,0.54092348353282
"129","NME5",0.998602158548129,0.474940257,0.790386500915056
"130","CSPG5",0.999766962636235,0.674639502,0.85077587628821
"131","ARHGEF26",0.999978860320601,0.873510519,0.897163620777996
"132","SOX4",0.999964089214454,0.762619996,0.890886508908486
"133","BCL11B",0.999992994779898,0.927969261,0.906072996927986
"134","GDPD2",0.999820809662125,0.701372038,0.855656644553526
"135","PTPRN",0.999955253730815,0.742632761,0.887356009784035
"136","CAMK2B",0.999947073291798,0.875982435,0.884604968393678
"137","TBC1D1",0.999957234001141,0.82651348,0.888118113327237
"138","EFNB1",0.999617509888307,0.621794322,0.832678931888911
"139","CRKL",0.999876989349217,0.6407981,0.865893454501862
"140","MCM5",0.998705216847993,0.856130515,0.792998459265198
"141","SYP",0.999897675432102,0.660400837,0.870105491514031
"142","NUP98",0.999589089507616,0.613928717,0.831829372432551
"143","CDK4",0.999494866471818,0.591018689,0.82563366751773
"144","FAIM2",0.997926615276728,0.325482026,0.778525757522828
"145","ACTL6A",0.998798726780709,0.601318934,0.798032587711801
"146","ZZEF1",0.999999168746266,0.96390625,0.913335766026038
"147","TNRC6C",0.999994992699737,0.940313011,0.908160132145297
"148","HUWE1",0.999999931404505,0.99737643,0.91587173133333
"149","ZMIZ1",0.999993463268751,0.930662275,0.906603620762192
"150","ATN1",0.985410225660399,0.320854779,0.665133277163133
"151","ARID1A",0.999909078490707,0.966181066,0.874538835407677
"152","YLPM1",0.886886275854841,0.139028799,0.431224339227031
"153","PLCG1",0.987339744051073,0.550925756,0.677791033701408
"154","FAM193A",0.999818308509257,0.911857639,0.855341186861822
"155","GAS7",0.99996868727765,0.774625204,0.892831216928065
"156","CDKL5",0.999926175911337,0.783315462,0.879563164793088
"157","PIK3CB",0.999886327322208,0.745140931,0.867504552420147
"158","PTPRU",0.999976440628409,0.798422181,0.896032017221329
"159","ATP2B3",0.999989685150993,0.947973346,0.903467961304107
"160","CLCN4",0.99983548976709,0.865395731,0.859038094090818
"161","MGLL",0.99958790237821,0.613611111,0.831401413970625
"162","KIF22",0.999924996668143,0.781975082,0.878679771168239
"163","GAB1",0.99997243611422,0.856973039,0.893521332767259
"164","GLRB",0.999641000430971,0.727213542,0.835993111463281
"165","B3GAT1",0.999910072711784,0.766289318,0.874776280932874
"166","DNAJC4",0.999985762845067,0.836671773,0.90101161096763
"167","MDK",0.998739107044773,0.486773386,0.794280241260598
"168","SLC35F2",0.999978798476196,0.806845384,0.896842824455639
"169","ELMOD1",0.971318392398383,0.112027165,0.58928971183413
"170","TSPAN11",0.999823633145791,0.60138991,0.85628345296998
"171","MCM3",0.999999189826509,0.964487847,0.913449199826824
"172","CTNNAL1",0.999100653476396,0.633112745,0.807961792308284
"173","SOX9",0.999988421961151,0.850908395,0.902615050033458
"174","PALLD",0.999998483957959,0.947928411,0.911833606793447
"175","KHDRBS3",0.975282509771702,0.120626021,0.612316173775655
"176","GPR12",0.999366020419587,0.670304841,0.817972870305465
"177","BTG1",0.991623253313028,0.280997243,0.711955738361785
"178","LMO7",0.999981438944769,0.958408395,0.899201140953296
"179","REEP1",0.998979195064211,0.511035029,0.80514304686486
"180","ARAF",0.999648848698675,0.812390727,0.837601503656601
"181","REST",0.886081253918513,0.13851971,0.426965816454808
"182","MPDZ",0.999731254037103,0.553998672,0.845193640814059
"183","KLHL18",0.999854002370137,0.806001838,0.861689312936068
"184","MGME1",0.999281660538063,0.551252042,0.816461438893156
"185","PAICS",0.928609768548409,0.112170139,0.496519894830645
"186","CACNA1G",0.999977708395355,0.802867647,0.896520021715762
"187","RAI14",0.999973579422108,0.859706904,0.894371586475007
"188","RAB27B",0.998776893207501,0.490267565,0.79554641353034
"189","KITLG",0.992095040383723,0.286693219,0.719131617544638
"190","SBNO2",0.99999052932845,0.863925143,0.904028322559495
"191","MGAT4A",0.980927090448714,0.136618668,0.647944216835834
"192","PPP2R2C",0.999452456280755,0.685430453,0.823779243880957
"193","RPH3A",0.980677283444907,0.205117443,0.646134527305329
"194","EPB41L4B",0.981684231014301,0.20960529,0.65151007588536
"195","NALCN",0.999999930502027,0.997345792,0.915764561651711
"196","CALB1",0.999626846976782,0.516485396,0.833937315614244
"197","SPOCK2",0.971551545312297,0.174269301,0.59170909052703
"198","ASIC2",0.990146961390551,0.183270527,0.70181619544491
"199","CHST10",0.999185765311947,0.643835274,0.812306990074718
"200","SOX5",0.999857096578985,0.723558517,0.862551062711041
"201","PLXNC1",0.999998239338786,0.9431827,0.911479531243786
"202","CFH",0.999996861611788,0.921584457,0.910034336788391
"203","CLDN11",0.999537769267534,0.49191585,0.82699919683673
"204","ADGRA2",0.999999210064969,0.965053105,0.913562337095109
"205","FOXC1",0.999869383979528,0.634327002,0.864242773182781
"206","DSP",0.999999878921208,0.990664828,0.915333138585706
"207","MYL9",0.988151293633902,0.169384191,0.686688293461507
"208","ACTA2",0.999175894356569,0.425953329,0.811774571911649
"209","COL1A1",0.999949180740002,0.730681679,0.885006164121564
"210","OLFML3",0.99990642740358,0.66976971,0.873337981979901
"211","ITIH5",0.999733649799412,0.55501685,0.845554715601407
"212","MCF2L2",0.999979909479318,0.924179432,0.897956950845135
"213","SYNE2",0.999999978037308,0.999656863,0.916191610514053
"214","OPRK1",0.980628444048048,0.204907067,0.644306424812763
"215","PITPNM3",0.999997046623601,0.92411203,0.910156568731102
"216","PLEKHA1",0.994931151197675,0.546772876,0.740751880328404
"217","GRB14",0.999741503113604,0.757694036,0.846271854696914
"218","CHD5",0.999793810396565,0.850811887,0.852767127113512
"219","CALY",0.991663418251501,0.281467525,0.713177169278334
"220","PNCK",0.999584533309812,0.713069342,0.830538919898455
"221","PLTP",0.999898017622802,0.660753676,0.870613485482018
"222","TIMP1",0.997337685739005,0.510946691,0.771701364685472
"223","PDGFRB",0.99999371917454,0.932180351,0.906866691282515
"224","GNS",0.99811623472208,0.440852226,0.78143356306678
"225","ARHGAP33",0.99996569592504,0.89970435,0.891245322000375
"226","MYCBP2",0.999999511540682,0.993839359,0.914234998470993
"227","HIVEP2",0.999979168698129,0.874385723,0.897799264664866
"228","CELF2",0.98711791871788,0.163307802,0.676258614343241
"229","SZRD1",0.999318764535337,0.447538297,0.816967968881084
"230","NAV3",0.999997936631511,0.965038297,0.911002984411237
"231","ADD2",0.98864024815111,0.172498468,0.690958965801821
"232","STK17B",0.999440967640708,0.57964665,0.822837307747061
"233","KIF3C",0.999931185211136,0.789200878,0.881078562317594
"234","MAST2",0.999999995245505,0.999486826,0.916297697077004
"235","DOCK9",0.999996334028304,0.972763991,0.909293906463118
"236","DOCK3",0.9999980507517,0.982343239,0.911241897211484
"237","DAAM1",0.999991077509664,0.867633783,0.904856777092541
"238","TTC23",0.999990598747162,0.915622447,0.904167398322086
"239","CARD8",0.989191540109758,0.256589563,0.693746073868099
"240","MAST1",0.999998546730331,0.972140523,0.911951003517731
"241","IQCE",0.999999742031315,0.992033803,0.914897273898063
"242","CLIP2",0.992724485388533,0.294935662,0.723725269950578
"243","SERINC1",0.999871867074485,0.636401654,0.86507314906355
"244","GMNN",0.999403784093334,0.46274663,0.819459989474824
"245","H2AFY",0.999897883046771,0.660614788,0.870359986399389
"246","APC2",0.99963155551605,0.62588031,0.834352589398459
"247","KIF21B",0.999973133421758,0.787627145,0.894033119030827
"248","MESDC2",0.999755360333051,0.564665543,0.848383906855451
"249","TRIM67",0.99666655203505,0.277809947,0.759365142386006
"250","HSDL2",0.998757232440335,0.597539318,0.794915262972337
"251","GGA3",0.999973000495205,0.787215074,0.893863070853635
"252","TRIP10",0.999976458020013,0.798481924,0.896195195307355
"253","GPR108",0.999999696677303,0.981596712,0.914677654683508
"254","IRF3",0.997380161874798,0.403657067,0.773252328381985
"255","GNAZ",0.999648069672257,0.72911203,0.837202372264872
"256","TST",0.997970717681702,0.432405535,0.779259687155466
"257","RPA1",0.999842564525753,0.613943525,0.859337678070467
"258","AGO4",0.999877238819934,0.819411254,0.866164676737323
"259","DTX1",0.978194941536722,0.12819904,0.63097579880165
"260","FMOD",0.999911294300369,0.675316585,0.875248486613397
"261","SNAP23",0.999431636726173,0.468218954,0.821885288770672
"262","MAGT1",0.999829367412516,0.605055658,0.857213539433706
"263","APPL2",0.999998854035862,0.976235703,0.912764108594011
"264","TMEM98",0.999088083190731,0.523977737,0.806280255032213
"265","SYN1",0.999121533538521,0.733306781,0.809066750734118
"266","CDH10",0.991675892561628,0.196545139,0.714388033292609
"267","R3HDM1",0.998972949409269,0.401268382,0.804569567136459
"268","PSD",0.999988876388605,0.907882455,0.902901022677377
"269","ACTN2",0.999967937062171,0.772575572,0.892657292463212
"270","PITPNM2",0.999816609578643,0.699055351,0.855024351068736
"271","HAUS4",0.990619593471198,0.270030127,0.70697038522661
"272","CEP170B",0.999994643620252,0.965160846,0.907647088854737
"273","CACNA1I",0.917622314857559,0.162633272,0.478722649678132
"274","STAG2",0.999976757191262,0.79951491,0.896357862332251
"275","CDK6",0.999891333983009,0.654043607,0.86855731993987
"276","STX1A",0.999702761638982,0.649048203,0.842618147456492
"277","NCS1",0.999617220238691,0.513563623,0.832255229914293
"278","RAPGEFL1",0.999725199571762,0.55146395,0.844100227046205
"279","COPZ1",0.998267965565833,0.450415645,0.784964329905812
"280","NT5DC3",0.974907547615032,0.18397212,0.605678432858139
"281","RBM24",0.9972605981017,0.507663399,0.77091790523737
"282","DPYSL3",0.999891385423714,0.74932598,0.868817903403132
"283","SLC4A3",0.999984474273402,0.891011029,0.900265203634824
"284","PCYOX1",0.999940035191381,0.800455474,0.883384443205288
"285","AKAP7",0.953150684846814,0.208844975,0.546768001073006
"286","GTF3C3",0.99944820942434,0.581113154,0.823309529409299
"287","CPSF3",0.999994181921575,0.892191585,0.907388412870748
"288","SERP1",0.996994996860954,0.388413501,0.76528182411183
"289","TMPO",0.99999102074206,0.867242647,0.90430607216061
"290","FABP3",0.995020024037124,0.439061989,0.741749010303732
"291","OPTN",0.985102874542685,0.153072917,0.663482365057477
"292","SYNGR3",0.858828492908828,0.123498775,0.400777493470139
"293","DCLK1",0.999985387499126,0.83481924,0.900863223933331
"294","DPF2",0.999400326795452,0.676080474,0.818966992777239
"295","ITGA3",0.998503922928779,0.467156352,0.788384736698059
"296","NCAPD2",0.984500006437066,0.22393944,0.661815937547191
"297","POLA2",0.995396950988327,0.247446385,0.748522127770144
"298","PHF21B",0.999791321637332,0.77652114,0.852109289982396
"299","CPSF1",0.9999985887927,0.972676675,0.912068088072617
"300","SMC1A",0.98586238670466,0.324150837,0.671576426503704
"301","NDE1",0.993106377056191,0.300346712,0.727077063535327
"302","MCM2",0.999993591778873,0.961001328,0.90673534145474
"303","TEAD2",0.999279944289119,0.656934743,0.815952190364897
"304","SPAG5",0.999858147327811,0.72426828,0.863119621689605
"305","GPC4",0.99990712461304,0.763436989,0.87357998798876
"306","SNRPA",0.991034447551001,0.373113766,0.710723722877418
"307","RBL1",0.999999047202927,0.960684232,0.913108004267334
"308","CAD",0.999869651268745,0.732337623,0.864520697113285
"309","ZW10",0.999997852628831,0.93636489,0.910883045122531
"310","TPX2",0.999961209125125,0.755708742,0.889427297169323
"311","AAAS",0.999890480894004,0.748566176,0.868033032468469
"312","MFNG",0.987882897419103,0.167743056,0.683776857855199
"313","CDKN3",0.999422834402094,0.466460376,0.821405433776198
"314","E2F1",0.998064798295981,0.65371681,0.779989037525935
"315","ZNF516",0.999980032385024,0.95650531,0.898270867860374
"316","RBBP8",0.999996402518096,0.915672998,0.909418156457714
"317","POLA1",0.999996136894459,0.91245864,0.90904438132495
"318","MID1",0.999980589255196,0.813726511,0.898738139781968
"319","CCDC22",0.999779932060965,0.771927083,0.851111471008419
"320","SFRP1",0.999906362272882,0.669697202,0.873095048303464
"321","MCM4",0.999994795449733,0.898014706,0.90790432476411
"322","RNASEH2A",0.999994765189443,0.897717525,0.907775886171801
"323","KPNB1",0.999980468401269,0.813247549,0.898582859951487
"324","PRPF19",0.99985319358489,0.720959457,0.8613996594991
"325","NUP107",0.995457376800558,0.44955627,0.749461045066837
"326","FBXO5",0.999821527530101,0.600071487,0.855970729265893
"327","LMNB1",0.99344313784573,0.30541105,0.728177749792808
"328","SMC4",0.99993713295694,0.865556066,0.88255634401347
"329","ECT2",0.9985125160311,0.360645425,0.789056071456311
"330","MSH6",0.592377663428078,0.154445976,0.191521907401492
"331","CDC20",0.999963227551257,0.837419833,0.890343836129879
"332","MASTL",0.9783721627964,0.195840482,0.632938490123655
"333","DDX39A",0.999958603899508,0.74980239,0.888495315628637
"334","CNOT1",0.999539196232207,0.492270731,0.827449692918703
"335","SNRPB",0.999645968538044,0.52251634,0.836801271777446
"336","MIS18BP1",0.99983404498755,0.608131127,0.858737244954758
"337","TRIM28",0.999984989754438,0.832893178,0.900565112697892
"338","GINS2",0.999957103553089,0.826288807,0.887928555495587
"339","THOC6",0.992067769168847,0.38663654,0.717960100708418
"340","PCNA",0.999760723157336,0.567174734,0.849760039861736
"341","MSI1",0.987578026816901,0.243720384,0.682300614944695
"342","CKAP2",0.999885403457395,0.744392872,0.86697182937795
"343","SRSF1",0.999831983098225,0.606765727,0.85782694981158
"344","PLEKHG2",0.999757693316803,0.565750613,0.849075111090304
"345","FNBP4",0.981815488661097,0.298156148,0.653267019570338
"346","PAPD7",0.99991851264714,0.7748846,0.877330126609429
"347","PRRC2C",0.96107105293235,0.225188419,0.56085268501604
"348","RBBP6",0.999966014081909,0.940445261,0.891423845304286
"349","VHL",0.957678235387562,0.307177798,0.555303205401357
"350","ACSL4",0.999167262374733,0.738339461,0.810700652812242
"351","DNAJC6",0.999570853720624,0.709886132,0.829667575240138
"352","YWHAH",0.999547554889259,0.494371936,0.828343696513571
"353","SEC61A2",0.998245028258315,0.448915441,0.784267259201041
"354","LTBP1",0.999805486375079,0.59047692,0.85374301815528
"355","FGFR2",0.999956652187549,0.745570874,0.88773835422554
"356","NOTCH3",0.979329445209737,0.131518076,0.638706773469758
"357","PHLPP1",0.989500627622991,0.178411969,0.697833098904096
"358","LTBP4",0.99999954208811,0.975548407,0.914346092439409
"359","ITGA6",0.999887128155453,0.650006127,0.867769317571618
"360","ZFHX4",0.99999937592885,0.969972426,0.914123615986487
"361","PHGDH",0.999987182096971,0.844009906,0.901600749687564
"362","CYP26A1",0.999961484336877,0.756351103,0.889611828366598
"363","MLC1",0.990912801161443,0.189571589,0.708232351519653
"364","BMP7",0.999670161213969,0.530622958,0.839568282087209
"365","PARP4",0.999999948905775,0.995341605,0.916085254717704
"366","ITGB8",0.999973958178413,0.790219567,0.89487525367138
"367","LFNG",0.999843067455134,0.714475082,0.859933039856892
"368","SH3GL2",0.994382229177838,0.321263787,0.734605044249677
"369","RFX4",0.999979061964441,0.807829861,0.897641091438808
"370","EFHD1",0.998809505986512,0.384918301,0.798644712462638
"371","CRYZ",0.999122310880027,0.418856209,0.809614461282089
"372","EEPD1",0.999976420846904,0.798354269,0.895868325215963
"373","CHST3",0.999491755660611,0.48102788,0.825173717255946
"374","FGFRL1",0.999984944455285,0.832676164,0.900415383967385
"375","PSRC1",0.996925845443839,0.28569904,0.763620906363792
"376","NOTCH2",0.999999232381013,0.981994996,0.9137877266383
"377","PSAT1",0.999989080080295,0.854782986,0.903185321325957
"378","EML1",0.999988594187107,0.851907169,0.902758246421919
"379","SEMA3A",0.999938691705201,0.798668811,0.88276446874342
"380","CRYM",0.999742295737869,0.558765829,0.846627934606522
"381","TSHZ3",0.999996720474963,0.919715074,0.909911772040675
"382","EDNRB",0.993548903632145,0.409738051,0.730352595016824
"383","CHN1",0.979974270100411,0.202150225,0.640592229252248
"384","DVL2",0.976680606281419,0.124105903,0.618741046304255
"385","MAPK8IP2",0.999972101299085,0.784467933,0.89334963743928
"386","PTBP1",0.995792693244308,0.351748877,0.751319289879292
"387","RWDD2A",0.997184137840647,0.294365298,0.768535514048244
"388","NUDCD3",0.999681524937348,0.641659007,0.841107789803312
"389","SYT13",0.974902264436008,0.119724265,0.603413223565152
"390","MRE11A",0.999997328335606,0.928145935,0.910400039277889
"391","VIM",0.999966872534137,0.769730903,0.891779140352871
"392","USP28",0.999689041471652,0.537364175,0.841488080574699
"393","MAPK9",0.989816927041885,0.359200368,0.700499616604975
"394","QSER1",0.999996515182926,0.917079759,0.909542066661168
"395","HMG20B",0.999563047090638,0.607147161,0.829228548680757
"396","PPP2R5B",0.999843051878592,0.71446538,0.859635990966025
"397","CDC42",0.996655520466078,0.277490298,0.758495906453226
"398","UNG",0.978129150664949,0.194933619,0.628991689414593
"399","MAPRE3",0.999758158453527,0.565968137,0.849418352656051
"400","TRIP6",0.987356375038318,0.242108354,0.679308510864824
"401","ASAP3",0.811682896523091,0.104414318,0.341800645062421
"402","NECAP1",0.995914212241653,0.258456393,0.752238819662609
"403","RGS17",0.996204478830107,0.470153186,0.755851553759269
"404","TMEM14A",0.998941820790684,0.397947815,0.802828708075064
"405","ACOT7",0.999954922855813,0.741948529,0.887163860903579
"406","SLC8A3",0.999989911323762,0.859916258,0.903608663855156
"407","EEF1A2",0.999967114350148,0.770370711,0.892132118981482
"408","CDC25B",0.999992489579363,0.877955984,0.905805418972777
"409","NME4",0.995084642837804,0.241489481,0.742738602618318
"410","HMOX2",0.976351870528595,0.123263378,0.616623060742259
"411","LIN7B",0.998787884133912,0.382938623,0.796797123428215
"412","SLC1A1",0.964793978826001,0.158477328,0.571580565063988
"413","FUBP3",0.989167517677452,0.17605239,0.692359005951471
"414","DNMBP",0.999973753468822,0.860130208,0.894707899046369
"415","PPP3CB",0.999913821570241,0.678302185,0.875950163832051
"416","CPEB3",0.999970704320846,0.780332925,0.893004581794397
"417","NEURL1",0.999971562117125,0.78285335,0.893177387901542
"418","CASC3",0.999946701064219,0.809796262,0.884403321357143
"419","CHD4",0.999992340343286,0.876806577,0.905671057959072
"420","FGF12",0.999780651895746,0.576991932,0.851445559055357
"421","BBX",0.998229377145897,0.447903391,0.783565692745115
"422","FNDC4",0.999349134392861,0.562462725,0.817471784255426
"423","PRKD3",0.999902282782163,0.758904718,0.871617659991261
"424","SLC25A12",0.999908126823834,0.764398489,0.874300488937937
"425","HPCAL4",0.99976244823935,0.56799326,0.850100181377331
"426","SGIP1",0.933431121053118,0.116343444,0.516443101421502
"427","TGIF2",0.999721941348836,0.550122038,0.843732319309738
"428","CCND2",0.999093766627964,0.632285539,0.806844037229861
"429","CNTRL",0.999999845395911,0.994731924,0.915115765701988
"430","KDM3B",0.999621420961953,0.622918199,0.833100503831014
"431","PPP3CC",0.989315032949278,0.177085886,0.696482786271138
"432","CDKN2C",0.999499950524652,0.482892157,0.826546339691242
"433","SMO",0.999879150441955,0.820595895,0.866434806987232
"434","CHAC1",0.999485053279469,0.479525633,0.824711335191213
"435","TOP2A",0.995303147680759,0.245607639,0.745663076346036
"436","MORC4",0.999918876596171,0.684508783,0.877557142813108
"437","ARF3",0.999543214972534,0.493276144,0.827897853132385
"438","MRC2",0.999999918291884,0.993152574,0.915657118579198
"439","ATP1A2",0.999998177213659,0.942035335,0.911360873458136
"440","VCL",0.999994186657386,0.892234988,0.907517931435485
"441","COL11A1",0.999934527664507,0.79331393,0.882137877077922
"442","TNFRSF1A",0.999891329068662,0.749278493,0.868295698397952
"443","TTC38",0.980253802030776,0.134403595,0.642458501630152
"444","RBMS2",0.996895872155261,0.284748264,0.762781679964223
"445","SLC1A3",0.999663815473609,0.528441585,0.838393951749129
"446","TNS1",0.999997812840932,0.935703636,0.910762782224412
"447","HEPH",0.999925012938452,0.781993464,0.878901832050602
"448","CMTM6",0.995974919530761,0.463411969,0.753151688950505
"449","LGALS1",0.999471858448921,0.476625306,0.824246511472893
"450","ABHD4",0.998902792667906,0.393929739,0.801056682637473
"451","FAH",0.999922836636058,0.689608354,0.878008673100867
"452","CPQ",0.915913034315406,0.102736928,0.475034417197632
"453","FCGRT",0.993093692660335,0.211881638,0.725968608062324
"454","PLIN3",0.999930473333696,0.700110294,0.880649492623661
"455","PON2",0.999142504212995,0.421475694,0.810159082095109
"456","PTN",0.999265141501392,0.438926164,0.814925144447856
"457","ZC3HAV1",0.99992718272422,0.784473039,0.880217316149173
"458","HSPB1",0.966702466736071,0.103814849,0.576770134575902
"459","SLC9A3R1",0.999986782445511,0.841887255,0.901307058905778
"460","PMP22",0.998364742460942,0.456979677,0.786345449167341
"461","CD81",0.997784112126295,0.318612132,0.775541550695198
"462","QKI",0.997871080666848,0.322743056,0.777787034096047
"463","MDFI",0.999730780627462,0.553798509,0.84483087646377
"464","SPARC",0.995564272189938,0.346098346,0.750393254260485
"465","LIFR",0.999416749694217,0.67894761,0.820923001796182
"466","SMAD5",0.999907546742824,0.671022774,0.873821071116153
"467","ATP6V0E1",0.998822173470182,0.386096303,0.800458960250674
"468","PLSCR4",0.982350001781786,0.212741013,0.655008199370398
"469","MAPKAPK3",0.968388507636938,0.106627859,0.581851464664946
"470","WIPF1",0.999902466875482,0.759073734,0.872113926134446
"471","CNN3",0.972324136921855,0.114052798,0.596464333354493
"472","NPC2",0.999949908826402,0.732050654,0.885602756760269
"473","CLU",0.992405269072879,0.203994077,0.72259025216392
"474","CALD1",0.999975452227332,0.795080678,0.895374143454659
"475","SSPN",0.998985995606299,0.511802492,0.805713173184688
"476","SLC12A4",0.999998338105242,0.945053105,0.91159787189467
"477","SERPINB6",0.999892949253145,0.655631127,0.869593491164448
"478","AHNAK",0.985765899338079,0.156234681,0.669989123674407
"479","SLC2A4RG",0.999862167870348,0.628493668,0.863683501539026
"480","RHOJ",0.995348520843852,0.246491524,0.747576247221415
"481","LRRC17",0.999983993779294,0.828227124,0.90011457029549
"482","TWSG1",0.998792340808097,0.491727431,0.797416740659442
"483","IL6ST",0.997087035812069,0.29100337,0.766919949849462
"484","TMEM243",0.999993919154185,0.889818219,0.907128284558712
"485","TMBIM1",0.998709832009074,0.484138072,0.793641307305023
"486","TARBP1",0.999999697045141,0.990966095,0.914787605769026
"487","CENPT",0.999980110725017,0.811842831,0.89842710325648
"488","LUC7L3",0.999787520860012,0.684148284,0.851778164350883
"489","NKTR",0.999998613053695,0.972989175,0.912301325522777
"490","TUBGCP6",0.999998615348833,0.986206597,0.91241748087354
"491","ACAP3",0.987892463794757,0.167800756,0.685238952114524
"492","RAD52",0.97300039007779,0.178273591,0.598803066626066
"493","LUC7L",0.993711054720842,0.412604677,0.731427527505412
"494","ANKRD10",0.983083601232092,0.144459763,0.658441603653788
"495","WSB1",0.999876472626488,0.640347222,0.865347697584045
"496","LRP2BP",0.998151044002656,0.33745915,0.782148802277789
"497","P3H3",0.996021355227912,0.260944138,0.754057919048555
"498","CAPRIN2",0.999998864473019,0.956202002,0.912879042396224
"499","PNISR",0.967676595227562,0.105416156,0.579325078763168
"500","ARGLU1",0.999907789666703,0.671296467,0.874061236294345
"501","DMTF1",0.999917424529621,0.773738256,0.876873560081638
"502","INPP4A",0.999983135654795,0.886502247,0.899811936084566
"503","TTLL4",0.999996254345688,0.949591503,0.909169315216462
"504","SEZ6",0.999986558049074,0.84071538,0.901159555582101
"505","LIMCH1",0.982713015636116,0.143022876,0.656732961561271
"506","KCNN2",0.977947746502093,0.194264706,0.62698515228097
"507","WASF1",0.999935505912072,0.707580678,0.882347481399691
"508","DOCK4",0.999987685427426,0.94231924,0.901892698812746
"509","ANKRD6",0.999634872293786,0.626865809,0.835586027162367
"510","TENM1",0.99999500379976,0.982570466,0.90828750367325
"511","FRY",0.999999640243267,0.989688011,0.914456899098922
"512","RFFL",0.998916741247368,0.612767565,0.801650856987653
"513","ABLIM1",0.995164014932955,0.336935764,0.743720802666235
"514","FGF9",0.997529575376399,0.519546058,0.774783043659597
"515","CHN2",0.994858905589631,0.330502451,0.738734868134653
"516","NRXN2",0.999407847149193,0.463528391,0.820437964437763
"517","PITPNM1",0.998665587054884,0.589590482,0.791045611947145
"518","LRRC42",0.963072972776357,0.229952512,0.568941548864243
"519","PROSER1",0.764643621308479,0.215889502,0.278514105302967
"520","LRRC7",0.999934012800778,0.792670037,0.881504562499108
"521","FGFR1",0.999996055978899,0.911506332,0.908919103424717
"522","PPEF1",0.999958587484883,0.749766136,0.888307033047098
"523","KIF16B",0.999998600511652,0.950333946,0.912184861661514
"524","SLC26A4",0.999999242182675,0.965964563,0.913899981215832
"525","ADRBK2",0.999587613709588,0.613534007,0.830971269498994
"526","NTSR1",0.999977801216469,0.803200572,0.896681674496232
"527","TBL1X",0.9996696086325,0.637703738,0.839178739802229
"528","IL27RA",0.99993435366676,0.793095895,0.881927525916161
"529","FKBP14",0.996583726835235,0.275439645,0.757620319637002
"530","EPHB6",0.999995543773776,0.90573989,0.908541191022916
"531","FBXW7",0.999954359555717,0.740792994,0.886777590493642
"532","SATB2",0.999737739156956,0.662308517,0.845914116588716
"533","HECTD3",0.999996643389383,0.918714257,0.909788873066003
"534","SULT4A1",0.999562134637497,0.60691636,0.828787267596794
"535","RAP1GAP2",0.999951573503226,0.817193627,0.885800250398858
"536","TM6SF1",0.999987750265004,0.847109886,0.902038024814898
"537","RASGRP2",0.999940485090377,0.80106056,0.883589647504381
"538","SYT5",0.999943848725421,0.805697508,0.883997907623261
"539","RNF122",0.998395691245757,0.459163603,0.787709112305034
"540","PANX1",0.998329769163243,0.454562398,0.785657074838466
"541","RAB35",0.970742010182389,0.110908395,0.584360435926348
"542","ARHGAP32",0.99706619616133,0.290298713,0.766103754509169
"543","ZBTB11",0.999991632651996,0.871550756,0.905129760878471
"544","NUP88",0.998108553664972,0.440389604,0.780713687081214
"545","ROCK1",0.999992723632872,0.879789624,0.905939398069021
"546","NFATC3",0.994859682284324,0.33051828,0.739747219178723
"547","EPB41L1",0.983629642297231,0.219192198,0.660135291355056
"548","EZR",0.999633026504442,0.626316381,0.835176927797949
"549","FBXL19",0.999897484834657,0.660204759,0.869849995088995
"550","RIMS4",0.999857964740531,0.62522212,0.862835931802388
"551","NEFM",0.999953643773027,0.820504493,0.886388667097176
"552","HBP1",0.999892142996696,0.654836091,0.869335982353996
"553","GNA13",0.999925926643305,0.693745915,0.87934352426185
"554","MED20",0.999846296255945,0.716503779,0.86052338983876
"555","MKLN1",0.999198203784772,0.538711193,0.812836426940752
"556","FBXO44",0.965273229202894,0.101575776,0.574187801250338
"557","SLC9A7",0.999796865704053,0.688735703,0.853093859865935
"558","ATP6AP1",0.999925069222113,0.692583231,0.879123081113073
"559","SLC22A17",0.998955121065016,0.508358354,0.803412417637534
"560","FGF14",0.914918469871259,0.102077206,0.471298157730533
"561","TUSC3",0.961924411960359,0.227182904,0.563581064110899
"562","SLC12A5",0.999974116922086,0.913225592,0.895042077263842
"563","NAPB",0.996852692836004,0.283397161,0.761936502375086
"564","SF3A1",0.999954238174604,0.821475184,0.886583462244822
"565","ANKRD44",0.999961635275044,0.756704963,0.889979048773799
"566","AEBP1",0.999999817657218,0.987267667,0.915006660201096
"567","CX3CL1",0.999856735275324,0.723315462,0.862265008473816
"568","SYT17",0.99839444291124,0.568756127,0.787029478179418
"569","CDH9",0.999949784819768,0.81441636,0.885404581453395
"570","AGO3",0.977195143817136,0.125456495,0.622906161272929
"571","SEMA3C",0.996673771706482,0.278019812,0.760228082856262
"572","DCAF4",0.997812482856032,0.319939236,0.776295011482184
"573","RNF14",0.946682052572869,0.130174122,0.537961213568228
"574","ARHGEF1",0.999987141074918,0.900801164,0.901454123111693
"575","WDR7",0.999982035427507,0.928666258,0.899507465528758
"576","MTMR9",0.999650461683348,0.72976154,0.837998682475294
"577","SUB1",0.99722885797944,0.397398897,0.769335141124926
"578","TTC31",0.999982362236085,0.884002757,0.899659931229376
"579","NASP",0.999827180371856,0.603644301,0.856904847165354
"580","RFK",0.994641768524553,0.430730699,0.735649368443552
"581","ZNF142",0.988580153476088,0.453052492,0.689548154037132
"582","MED1",0.785417076935764,0.42077308,0.308602414872022
"583","ALDH18A1",0.999939565690542,0.713974163,0.883178514597538
"584","DHX15",0.99997892355868,0.807311581,0.89732327186927
"585","RNF114",0.999674866734508,0.532267157,0.840341742833454
"586","GSK3A",0.999692798688624,0.645524918,0.841866560761574
"587","ZMIZ2",0.999961070550529,0.893155637,0.889056378232819
"588","KHDRBS1",0.999250289173834,0.652653697,0.813886644016738
"589","MAP1LC3A",0.998595263869301,0.474376021,0.789723393725142
"590","FBL",0.99967444638547,0.639293811,0.83995594834459
"591","PPP1R1A",0.989816647258798,0.262199755,0.699172472979118
"592","POLR2C",0.976686723403383,0.18979473,0.620834295877934
"593","AKAP8",0.999823843830654,0.703074449,0.856594820412194
"594","CTNNA1",0.999980852846039,0.814778901,0.898892945153625
"595","SEMA5B",0.999991043819467,0.86740145,0.904582219260836
"596","SALL1",0.999997072655389,0.924475082,0.910278469007797
"597","HES1",0.999905088455622,0.668287888,0.872606375089173
"598","ZWINT",0.952773255385107,0.138114277,0.543865267617479
"599","AIF1L",0.998968416502554,0.400778186,0.803992702500635
"600","NES",0.999992191779811,0.875677083,0.905536313269952
"601","DNMT1",0.9999901646586,0.972265114,0.903888842607796
"602","PPP1R13B",0.999931213119271,0.789234579,0.88129194230108
"603","ORC6",0.987098935751499,0.240277778,0.674712050639884
"604","EFS",0.927785234012062,0.111493056,0.493035299074856
"605","SLC30A4",0.999903771316714,0.666847937,0.872360624677268
"606","ANKMY2",0.998940007467321,0.506709048,0.802241543066933
"607","FBXO30",0.999748328860009,0.760093444,0.847686346710872
"608","MMP24",0.999927010280052,0.784273897,0.880000056863192
"609","IDS",0.999965681760254,0.766632966,0.891066211005441
"610","CYP46A1",0.999830921480634,0.707144097,0.857520904481221
"611","STOML1",0.999095167960671,0.524871834,0.807404536153274
"612","KCNC4",0.999993438494814,0.885643382,0.906471527632763
"613","ATP6V0B",0.996835679590697,0.282870711,0.761085356757474
"614","TMEM53",0.999870982781707,0.635658701,0.864797487063527
"615","ILF3",0.999997954254736,0.938085682,0.911122601306188
"616","LRP3",0.999979929210937,0.811137153,0.898114151119967
"617","PAX6",0.999924793684405,0.69221201,0.878456893915482
"618","PIK3C2A",0.999999359906939,0.969472529,0.914011943996965
"619","FAT1",0.999999874666376,0.990412582,0.915224591482711
"620","SEPHS1",0.999400116012815,0.462045547,0.818471296804661
"621","NFATC4",0.986314368628125,0.234957108,0.673150116214326
"622","GINS1",0.999929925831422,0.69932547,0.880433794647694
"623","DHX40",0.999974534896837,0.792070057,0.895208372759298
"624","NR2E1",0.999939325227454,0.71358558,0.88297185786994
"625","NEK9",0.999987864139141,0.903674428,0.902327389096789
"626","MOB3B",0.999625250410734,0.515995711,0.833519961630963
"627","ARAP3",0.999999061679612,0.961056985,0.913222034526405
"628","CRY2",0.930903561978773,0.114108456,0.506687352689635
"629","CKS2",0.998816135316092,0.385533088,0.799857859604554
"630","GADD45G",0.999677500190332,0.533197508,0.840725684417447
"631","DOK4",0.999905132551255,0.668336397,0.872851180391985
"632","OSBPL5",0.992757994059728,0.295397263,0.724850929884089
"633","TSPAN6",0.999117666416686,0.527757353,0.808515867305699
"634","ENO1",0.999994971283036,0.899763583,0.908032406330896
"635","PHACTR3",0.999961645712179,0.756729473,0.890161744117551
"636","JAG1",0.999993876063391,0.933128574,0.906997671851827
"637","CDH20",0.99997371429636,0.789446487,0.894540010921293
"638","TJP1",0.999998617771619,0.95069904,0.91253332893822
"639","PLOD3",0.992327798900902,0.203161765,0.720294154486579
"640","DUSP16",0.999855748715726,0.623532475,0.86197776060993
"641","PLCL1",0.99999878293066,0.954320364,0.91264887114957
"642","TRIM25",0.999910278242966,0.674137051,0.875012829131948
"643","FLNC",0.999999911580197,0.992706291,0.915549401082757
"644","HEY2",0.999980895946477,0.814952002,0.899047277902927
"645","NFIX",0.999963764159192,0.761818321,0.89070621538732
"646","MPP5",0.9882270149039,0.248644301,0.688124192135042
"647","NECAB2",0.999954718354886,0.822266136,0.886971055669473
"648","RND2",0.999952306533878,0.818353758,0.885997064288746
"649","CRISPLD1",0.999901269752393,0.664160029,0.87111752543286
"650","LRCH1",0.956425739103832,0.143533497,0.552489394002852
"651","DGKB",0.998785659736212,0.49109375,0.796173695154432
"652","SPATA20",0.999956243427055,0.824819751,0.887547506780026
"653","ACSL3",0.999915071769672,0.77129953,0.876182307854406
"654","MLLT4",0.99995937092386,0.980258374,0.888869983791949
"655","DTNA",0.999930549862655,0.788436479,0.880864413447515
"656","CDK5RAP3",0.999996032742272,0.971306168,0.908793480041883
"657","WDR60",0.971298796976085,0.173596814,0.586840810035642
"658","CENPQ",0.990971553700897,0.19008221,0.709483409936385
"659","NUP37",0.999726325347427,0.551931168,0.844466406101032
"660","WDR76",0.97930515938381,0.131444547,0.636803853515904
"661","LIG1",0.999696771749737,0.540239992,0.842243243842691
"662","GNPTAB",0.999999940647345,0.994722733,0.915978628676804
"663","CHD1L",0.999991620325911,0.871461908,0.904993465085693
"664","SYNGR1",0.994858434973263,0.23745098,0.7377144536428
"665","DNM1",0.999991885845774,0.873395629,0.905401183257778
"666","TMEM159",0.999757575259398,0.565695466,0.848730299689328
"667","PLEKHB1",0.999915539436265,0.846300551,0.876413584922784
"668","DHPS",0.999997401833387,0.929238664,0.910521280634527
"669","ITPR2",0.999999679574536,0.990565257,0.914567419487134
"670","IVD",0.999967724290933,0.772001123,0.892482803610206
"671","ST3GAL1",0.999902449133647,0.66541973,0.871866273923707
"672","RRM2B",0.989306993843445,0.257596507,0.695120775821473
"673","BCAP29",0.999943714044679,0.720890012,0.883794136197773
"674","NDRG1",0.999958817503961,0.750275225,0.888682964621693
"675","GTDC1",0.998699900695815,0.483257761,0.792351582669026
"676","RAP2A",0.999766245637747,0.569815155,0.850438792382445
"677","GRIA3",0.99996756033697,0.846128472,0.892307746736133
"678","SPIRE1",0.999718052972031,0.74981924,0.843362675655617
"679","ARFGEF3",0.999998433913786,0.984909109,0.911715896677073
"680","SPG20",0.999876566302618,0.737474469,0.865621130244042
"681","KIAA0513",0.997245748531872,0.507041462,0.770129254739584
"682","ADAM11",0.999990144868159,0.861410846,0.90374895713174
"683","MTHFD1",0.999993382061641,0.885166462,0.906339060336924
"684","TXNDC12",0.999406918162179,0.463349163,0.819950308081601
"685","LLGL1",0.999988132230192,0.84925143,0.902471431490791
"686","MCUR1",0.998811846441574,0.493597835,0.799253123204215
"687","RASL10A",0.996964703065467,0.387304943,0.764454277066298
"688","SOBP",0.999975464226933,0.864397467,0.895539390406906
"689","MARK1",0.999902065659696,0.665008681,0.871368079013068
"690","MARK4",0.99994934388981,0.73098703,0.885205718253106
"691","GNAI3",0.975137432305663,0.12027982,0.610129629582908
"692","UBA2",0.99996107137022,0.755388583,0.889242148238074
"693","ATP6V1A",0.999666184689917,0.734124285,0.83878729865874
"694","POLR2B",0.99998181713298,0.882284007,0.899354536198623
"695","NOA1",0.99477668692508,0.236043709,0.736685877717479
"696","IGBP1",0.999832922879661,0.607386132,0.858435110479313
"697","GYS1",0.999171015159803,0.534897876,0.811239139561807
"698","RFX2",0.999989342533479,0.85637357,0.903326847672752
"699","RHOV",0.975118089722197,0.120233864,0.607917461081558
"700","CDK2AP1",0.99925280044119,0.437036867,0.814407335467369
"701","RNF19B",0.999575033913755,0.610221099,0.830104355339556
"702","PRDX1",0.996192731159652,0.265092422,0.754958048461607
"703","TJP2",0.999850827633744,0.719411765,0.861108790730012
"704","ALDH6A1",0.993468830613319,0.216597222,0.729269482635691
"705","ELF1",0.999645181625281,0.629981618,0.836398190844871
"706","CRB1",0.992358189430047,0.20348703,0.721446968193967
"707","AGTPBP1",0.999832008574646,0.707781863,0.858131681697338
"708","SNX1",0.999934284880988,0.70572406,0.881716422467591
"709","H6PD",0.985630095308486,0.155571895,0.668386195879159
"710","SLC30A3",0.959759381614091,0.149010927,0.558092558340755
"711","NUDT12",0.941122979746206,0.123883783,0.528916465568932
"712","PCCB",0.997091558511012,0.291157067,0.767730413260242
"713","TIMP2",0.999858802478329,0.724713031,0.863402140658176
"714","SLC23A2",0.999912834129122,0.677126736,0.875717149437806
"715","TESK1",0.999846776279505,0.802159416,0.860816702231267
"716","CAPG",0.998690012756679,0.374433211,0.791700641602695
"717","RFXANK",0.976144374378847,0.122739481,0.614481817826865
"718","SYDE1",0.971932896526229,0.175298203,0.594100435218849
"719","RAB9B",0.991710665077838,0.490070466,0.716778602137468
"720","E2F5",0.995315230322057,0.245842014,0.746623276938252
"721","MYO9A",0.999995888054689,0.909567504,0.908667509665225
"722","CCNE1",0.999898195993651,0.660938011,0.870865994682236
"723","CELSR3",0.999999900782764,0.998468137,0.915441408102582
"724","BACH2",0.999811693198614,0.785250204,0.854065465561556
"725","BCL9",0.999995417381191,0.968477328,0.908414522944314
"726","CCDC113",0.999996584677333,0.952288603,0.909665638407092
"727","PPFIBP1",0.999973278696016,0.91176777,0.894202623286292
"728","WASF3",0.999816011824079,0.596685049,0.854706126324758
"729","PAK7",0.999953319311111,0.88322355,0.886193202421314
"730","ARMC6",0.999991879046942,0.873345588,0.905265666491892
"731","CDHR2",0.999801780140477,0.691221405,0.853419154589382
"732","MTAP",0.934184217917752,0.18036152,0.519607806849503
"733","KIF3B",0.999978823866419,0.806939849,0.897003472429799
"734","RP2",0.993856053355474,0.312041462,0.732494310130819
"735","GPX7",0.999961486186234,0.834126328,0.889795744462964
"736","CAPZA1",0.998219819944154,0.557037377,0.782859562204323
"737","PTCH2",0.999999021504346,0.978668811,0.912993673947682
"738","VASP",0.999742459831129,0.664216197,0.846982366377875
"739","CANX",0.999495482619144,0.481871936,0.826091198610102
"740","CYP2E1",0.999249626682709,0.546279616,0.813363017900475
"741","AP3B1",0.974159449887169,0.118013685,0.601120081337554
"742","PDZD4",0.999983726021875,0.888460989,0.899963481908979
"743","ATP8A2",0.999815566555739,0.69848703,0.854386501026301
"744","NCDN",0.999988942255157,0.853958333,0.903043380330716
"745","PANX2",0.999987804331133,0.847410131,0.902182920938443
"746","PAPOLA",0.99943268809359,0.468430862,0.822362566725841
"747","SHOC2",0.999912761683227,0.677040952,0.87548325925948
"748","HAT1",0.999631850488072,0.625967627,0.834765787551183
"749","IPO8",0.999886129490013,0.649067096,0.867238725562914
"750","MBOAT7",0.99994576996295,0.724476103,0.884200968678146
"751","TBC1D15",0.994068452560822,0.224865196,0.733553314756041
"752","DOPEY1",0.999845674863279,0.7161106,0.86022883823957
"753","GLO1",0.990603312978164,0.269863664,0.705698415682912
"754","DGCR8",0.999926849933603,0.784089052,0.87978200785698
"755","MAT2B",0.997353003181477,0.30054279,0.772479473783734
"756","UBE2T",0.996223699426777,0.265865502,0.756738535846603
"757","RBBP7",0.999891612946781,0.654316279,0.869077455303218
"758","DARS2",0.991677373514757,0.196559436,0.715588420046817
"759","WDR34",0.999793641439103,0.583855188,0.852438942552612
"760","CYFIP2",0.99999742653288,0.929609886,0.9106421943452
"761","MCOLN1",0.999993378504722,0.930166973,0.906206217327385
"762","CUL2",0.999924675667937,0.781613051,0.878233196125852
"763","EXOC8",0.999967065694092,0.845093954,0.891955918008658
"764","APLP1",0.981019844918787,0.20661152,0.649734946019076
"765","NRSN2",0.999279828824243,0.55096201,0.815440101666785
"766","FCHO1",0.999994001989722,0.89055913,0.907258531006722
"767","MAP3K10",0.990350715110236,0.184885621,0.70441506028969
"768","TMOD2",0.930090513791453,0.113411969,0.503347067577122
"769","PRKCZ",0.9776090114429,0.193033599,0.624956466765241
"770","TULP3",0.999991054046731,0.867471916,0.904719695968021
"771","ARG2",0.997849658614849,0.321708027,0.777043506911686
"772","SAMHD1",0.999987524320432,0.90231107,0.901746941031744
"773","SLC7A6",0.997474657727863,0.517019506,0.774020213071526
"774","COMMD2",0.985461446075045,0.2295721,0.666767604555541
"775","CNTN1",0.999920864955226,0.850697508,0.877783323445533
"776","ATP2B1",0.999975963718484,0.865681679,0.895704116863233
"777","RRAGB",0.999862909607247,0.629080372,0.863963706082376
"778","FBXO9",0.999884338704343,0.64740145,0.866703858462468
"779","GPR68",0.999917965995736,0.683366524,0.877102267155827
"780","ITFG1",0.999709141971665,0.544993362,0.842991285210685
"781","CHDH",0.999743868416254,0.75851971,0.847335164304061
"782","TNC",0.999999221437164,0.965373775,0.913675178980673
"783","LMO3",0.999753556125459,0.66882404,0.848035926502629
"784","SYNDIG1",0.999963358852216,0.760826695,0.890525325405909
"785","HDDC2",0.859986772841153,0.1240625,0.405279545228679
"786","DAP",0.995187340720205,0.243397161,0.74469547917032
"787","BCHE",0.990229671320831,0.183921058,0.703121233797289
"788","PDE1A",0.999948299581831,0.812165543,0.884805914963692
"789","AKT3",0.999972492851743,0.785655637,0.893692476111446
"790","VILL",0.999978923695479,0.807312092,0.897482427918613
